{
    "f1": 0.5295629820051414,
    "roc_auc": 0.8152527663267519
}